time,latitude,longitude,depth,mag,magType,nst,gap,dmin,rms,net,id,updated,place,type
2015-05-01T20:00:07.120Z,-23.284,-66.7561,215.47,4.6,mb,,52,2.095,1.55,us,us20002aqv,2015-05-01T20:22:26.993Z,"109km W of El Aguilar, Argentina",earthquake
2015-05-01T17:47:56.870Z,40.9552,143.008,42.35,4.5,mb,,109,1.064,1.02,us,us20002aq3,2015-05-01T21:38:07.531Z,"137km ENE of Hachinohe, Japan",earthquake
2015-05-01T17:16:03.570Z,5.4689,-82.6846,12.18,4.6,mb,,148,2.99,1.28,us,us20002apv,2015-05-01T20:52:43.052Z,"284km S of Punta de Burica, Panama",earthquake
2015-05-01T16:56:42.210Z,40.9485,143.1113,36.48,4.8,mb,,136,1.066,1.24,us,us20002apm,2015-05-01T17:21:01.962Z,"144km ENE of Hachinohe, Japan",earthquake
2015-05-01T16:00:10.060Z,-17.6,-178.7752,519.17,4.5,mb,,88,3.027,1.11,us,us20002ape,2015-05-01T17:07:32.059Z,"235km SE of Lambasa, Fiji",earthquake
2015-05-01T12:58:02.540Z,25.2112,123.0842,155.4,4.7,mb,,68,0.743,0.64,us,us20002an7,2015-05-01T21:00:37.541Z,"82km N of Yonakuni, Japan",earthquake
2015-05-01T08:58:41.570Z,10.7048,91.984,26.89,5.3,mb,,98,1.203,0.71,us,us20002aml,2015-05-01T14:37:39.993Z,"135km SW of Port Blair, India",earthquake
2015-05-01T08:06:04.990Z,-5.196,151.8013,57.04,6.8,mww,,18,1.061,0.77,us,us20002am6,2015-05-01T13:56:23.000Z,"106km SSW of Kokopo, Papua New Guinea",earthquake
2015-05-01T07:42:39.300Z,-2.9765,-80.4169,51.51,4.5,mb,,84,3.748,0.72,us,us20002am5,2015-05-01T15:45:21.900Z,"38km S of Playas, Ecuador",earthquake
2015-05-01T02:46:20.840Z,-9.4758,113.0126,57.24,5,mb,,65,2.91,1.24,us,us20002al3,2015-05-01T17:05:21.110Z,"123km S of Pujiharjo, Indonesia",earthquake
2015-05-01T00:21:09.650Z,-21.861,170.7004,143.01,5.1,mb,,43,3.956,0.74,us,us20002aki,2015-05-01T08:23:42.525Z,"151km WNW of Ile Hunter, New Caledonia",earthquake
2015-04-30T19:21:18.190Z,26.2355,94.8075,10,4.8,mb,,45,2.74,1.53,us,us20002aid,2015-05-01T18:24:03.137Z,"5km SSW of Tuensang, India",earthquake
2015-04-30T16:49:36.440Z,5.7892,126.2833,118.75,4.5,mb,,69,1.451,1.06,us,us20002ahh,2015-05-01T13:59:31.651Z,"64km S of Pondaguitan, Philippines",earthquake
2015-04-30T10:45:05.260Z,-5.3917,151.8179,48.88,6.7,mwc,,15,1.241,0.96,us,us20002ag9,2015-04-30T15:42:18.000Z,"125km SSW of Kokopo, Papua New Guinea",earthquake
2015-04-30T10:19:08.440Z,-60.403,-26.8476,10,5.8,mb,,54,14.769,1.26,us,us20002ag2,2015-04-30T18:21:48.808Z,"153km S of Bristol Island, South Sandwich Islands",earthquake
2015-04-30T06:29:56.720Z,38.5238,-29.1624,10,4.7,mb,,91,0.743,0.6,us,us20002aeh,2015-04-30T14:32:35.532Z,"40km W of Ribeira Grande, Portugal",earthquake
2015-04-30T05:34:23.470Z,-17.7632,-178.6761,557.39,4.6,mb,,80,3.117,0.78,us,us20002aea,2015-04-30T13:36:53.656Z,"254km SE of Lambasa, Fiji",earthquake
2015-04-30T05:08:55.870Z,0.7483,126.2358,45.87,4.7,mb,,62,1.131,0.77,us,us20002ae9,2015-04-30T13:11:33.829Z,"125km W of Kota Ternate, Indonesia",earthquake
2015-04-30T00:43:27.080Z,-23.6514,-67.7961,111.3,4.9,mb,,64,1.456,1.14,us,us20002acr,2015-04-30T08:46:03.976Z,"92km SSE of San Pedro de Atacama, Chile",earthquake
2015-04-29T22:10:52.170Z,28.4134,87.2704,10,4.5,mb,,91,4.977,0.91,us,us20002abh,2015-04-30T06:17:22.763Z,"30km SE of Xegar, China",earthquake
2015-04-29T16:09:52.160Z,40.0836,142.7651,39.67,5.2,mb,,102,1.742,0.96,us,us20002a7q,2015-05-01T10:21:49.744Z,"85km NE of Miyako, Japan",earthquake
2015-04-29T11:22:42.190Z,11.9115,-88.9266,31.38,5,mb,,116,1.789,1.05,us,us20002a56,2015-04-29T19:25:24.483Z,"157km SSW of Puerto El Triunfo, El Salvador",earthquake
2015-04-29T06:54:37.370Z,-31.6416,-174.5316,10,5.1,mb,,157,8.348,1.01,us,us20002a2h,2015-04-29T14:58:00.727Z,"Kermadec Islands region",earthquake
2015-04-29T02:37:46.190Z,27.473,53.3862,10,4.9,mb,,44,3.569,0.76,us,us20002a1c,2015-04-29T21:21:55.986Z,"77km WSW of Gerash, Iran",earthquake
2015-04-29T00:26:51.300Z,25.9589,128.4013,12.39,5,mb,,65,0.881,0.85,us,us20002a0t,2015-04-29T12:10:14.564Z,"67km SE of Haebaru, Japan",earthquake
2015-04-28T23:50:14.610Z,-5.1122,129.7558,204.58,4.5,mb,,76,3.237,0.92,us,us20002a0r,2015-04-29T07:52:54.252Z,"210km SE of Saparua, Indonesia",earthquake
2015-04-28T21:09:57.640Z,-5.4096,147.0619,177.29,4.5,mb,,152,3.97,0.48,us,us200029zk,2015-04-29T05:12:24.466Z,"141km E of Madang, Papua New Guinea",earthquake
2015-04-28T18:56:53.460Z,17.1424,-94.9899,111,5.5,mww,,43,2.864,1.15,us,us200029ys,2015-04-30T16:10:02.525Z,"8km E of Palomares, Mexico",earthquake
2015-04-28T17:49:52.170Z,43.1827,145.7214,78.93,4.5,mb,,143,2.224,0.83,us,us200029yd,2015-04-30T13:33:41.529Z,"19km SE of Nemuro, Japan",earthquake
2015-04-28T16:39:39.080Z,-20.8661,-178.6384,579.35,6.1,mww,,24,4.404,0.88,us,us200029x8,2015-04-29T01:56:22.000Z,"24km SSE of Ndoi Island, Fiji",earthquake
2015-04-28T13:32:40.250Z,6.05,152.0387,15.82,5.1,mb,,59,16.104,0.7,us,us200029vw,2015-04-28T21:35:15.505Z,"113km SW of Piis, Micronesia",earthquake
2015-04-28T12:41:37.200Z,-27.5291,-63.0324,603.91,4.6,mb,,45,5.227,0.83,us,us200029vq,2015-04-28T20:44:11.238Z,"58km SSE of El Hoyo, Argentina",earthquake
2015-04-28T11:19:52.230Z,-2.1511,-79.672,99.97,5.3,mb,,52,2.668,1.15,us,us200029t7,2015-04-29T15:32:17.157Z,"4km SSE of Yaguachi, Ecuador",earthquake
2015-04-28T07:33:23.380Z,10.2664,-84.6467,74.27,4.6,mb,,56,0.302,1.27,us,us200029st,2015-04-28T13:48:25.194Z,"11km SSW of Pocosol, Costa Rica",earthquake
2015-04-28T05:11:01.760Z,-4.8747,133.9207,16.76,4.7,mb,,111,2.56,0.39,us,us200029sh,2015-04-28T13:13:28.815Z,"103km NNW of Dobo, Indonesia",earthquake
2015-04-28T05:03:25.210Z,37.2968,71.9401,166.21,4.6,mb,,43,1.102,0.78,us,us200029sf,2015-04-28T13:05:53.739Z,"10km ENE of Roshtqal'a, Tajikistan",earthquake
2015-04-27T22:11:13.880Z,-56.25,-27.0714,107.52,4.6,mb,,102,5.733,0.72,us,us200029pl,2015-04-28T06:13:50.992Z,"50km N of Visokoi Island, South Georgia and the South Sandwich Islands",earthquake
2015-04-27T18:59:56.750Z,28.0036,84.7534,20.01,4.8,mb,,60,5.84,0.69,us,us200029ma,2015-04-28T12:35:39.663Z,"44km ESE of Lamjung, Nepal",earthquake
2015-04-27T17:34:49.740Z,2.033,124.7774,251.6,4.5,mb,,85,2.875,0.73,us,us200029ls,2015-04-28T01:37:19.004Z,"60km N of Manado, Indonesia",earthquake
2015-04-27T15:51:46.230Z,27.6385,85.0551,10,4.5,mb,,140,5.717,0.81,us,us200029lc,2015-04-28T04:48:22.758Z,"22km WSW of Kirtipur, Nepal",earthquake
2015-04-27T15:48:28.360Z,3.6303,123.0911,524.16,4.5,mb,,100,3.403,0.64,us,us200029l6,2015-04-27T23:51:11.603Z,"296km SSE of Tabiauan, Philippines",earthquake
2015-04-27T14:16:29.760Z,34.9848,26.8342,10,4.5,mb,,144,0.621,0.95,us,us200029kh,2015-04-27T22:19:04.441Z,"58km ESE of Palaikastron, Greece",earthquake
2015-04-27T12:35:52.990Z,26.827,88.1055,29.42,5.1,mb,,34,3.595,0.67,us,us200029k7,2015-05-01T16:15:00.377Z,"10km SW of Mirik, India",earthquake
2015-04-27T12:04:59.150Z,6.0508,126.0935,149.83,4.6,mb,,121,5.395,0.5,us,us200029k3,2015-04-27T20:07:35.143Z,"35km SSW of Pondaguitan, Philippines",earthquake
2015-04-27T05:34:33.190Z,26.4512,53.4892,34.74,4.7,mb,,57,2.872,0.71,us,us200029j2,2015-04-27T07:15:40.196Z,"54km WSW of Kish, Iran",earthquake
2015-04-26T23:35:28.900Z,-8.3056,-79.8288,14.67,5.4,mb,,41,4.693,0.88,us,us200029gw,2015-04-29T23:20:53.000Z,"75km WSW of Santiago de Cao, Peru",earthquake
2015-04-26T22:32:34.010Z,27.4597,85.6194,10,4.6,mb,,150,5.896,1.19,us,us200029gc,2015-04-27T18:25:19.300Z,"17km SE of Panaoti, Nepal",earthquake
2015-04-26T21:10:31.270Z,-14.3573,-73.6412,70.3,4.6,mb,,129,3.907,1.16,us,us200029ff,2015-04-27T05:13:13.109Z,"57km NNE of Tambo, Peru",earthquake
2015-04-26T16:26:05.310Z,27.7612,85.7704,10,5.3,mwb,,32,5.086,0.65,us,us200029ea,2015-05-01T21:55:18.040Z,"25km ENE of Nagarkot, Nepal",earthquake
2015-04-26T15:34:47.200Z,-25.009,-68.8555,93.44,4.5,mb,,88,0.683,0.83,us,us200029e2,2015-04-26T23:37:46.126Z,"169km ENE of Taltal, Chile",earthquake
2015-04-26T14:44:49.360Z,27.532,85.7493,10,4.6,mb,,150,5.198,0.46,us,us200029dv,2015-04-26T18:15:19.177Z,"24km ESE of Panaoti, Nepal",earthquake
2015-04-26T14:05:31.080Z,-19.0869,-176.3029,298.57,4.6,mb,,139,5.522,0.59,us,us200029dk,2015-04-26T22:09:46.074Z,"219km WNW of Pangai, Tonga",earthquake
2015-04-26T13:11:15.030Z,27.7571,85.3745,10,4.5,mb,,79,5.41,0.62,us,us200029dc,2015-04-26T17:04:46.116Z,"8km NE of Kathmandu, Nepal",earthquake
2015-04-26T12:55:00.150Z,-1.9398,100.1963,57.36,4.8,mb,,137,2.403,0.39,us,us200029d7,2015-04-26T20:57:33.684Z,"77km SSW of Painan, Indonesia",earthquake
2015-04-26T12:12:07.280Z,-31.6623,-177.5448,40.93,4.7,mb,,142,2.432,0.44,us,us200029cy,2015-04-26T20:15:03.979Z,"131km ESE of L'Esperance Rock, New Zealand",earthquake
2015-04-26T10:38:04.440Z,-11.0272,120.671,35,4.8,mb,,112,2.833,0.36,us,us200029ci,2015-04-26T18:43:12.295Z,"89km S of Mbulung, Indonesia",earthquake
2015-04-26T10:36:06.560Z,-10.6354,120.3024,35,4.7,mb,,80,2.754,0.46,us,us200029cj,2015-04-26T18:38:49.247Z,"49km S of Nggongi, Indonesia",earthquake
2015-04-26T10:31:25.960Z,-10.5993,120.4003,35,4.5,mb,,79,2.662,1.17,us,us200029cg,2015-04-26T18:34:06.510Z,"44km SSW of Mbulung, Indonesia",earthquake
2015-04-26T09:00:27.960Z,-18.0027,168.1902,42.57,4.8,mb,,71,4.368,0.45,us,us200029c7,2015-04-27T02:02:10.133Z,"32km SSW of Port-Vila, Vanuatu",earthquake
2015-04-26T08:46:16.890Z,27.8449,85.6858,10,4.5,mb,,166,5.966,0.74,us,us200029c5,2015-04-26T17:07:07.594Z,"21km NE of Nagarkot, Nepal",earthquake
2015-04-26T08:40:55.220Z,27.591,85.6782,10,4.6,mb,,99,5.887,0.57,us,us200029c4,2015-04-26T15:33:43.900Z,"16km E of Panaoti, Nepal",earthquake
2015-04-26T07:36:26.360Z,27.7189,85.929,10,4.7,mb,,166,5.72,0.75,us,us200029by,2015-04-26T16:48:40.225Z,"25km S of Kodari, Nepal",earthquake
2015-04-26T07:26:04.420Z,27.707,85.8284,10,5,mb,,85,5.799,0.49,us,us200029bx,2015-04-26T19:51:55.510Z,"29km SSW of Kodari, Nepal",earthquake
2015-04-26T07:09:10.010Z,27.782,85.9971,17.26,6.7,mww,,19,4.894,0.99,us,us200029bt,2015-05-01T18:55:09.250Z,"19km SSE of Kodari, Nepal",earthquake
2015-04-26T02:48:39.050Z,28.156,84.6095,10,4.6,mb,,125,5.916,0.86,us,us200029b1,2015-04-26T05:22:46.152Z,"24km ESE of Lamjung, Nepal",earthquake
2015-04-26T02:18:00.750Z,-21.2529,-179.214,603.2,4.6,mb,,50,4.338,1.5,us,us200029ap,2015-04-26T10:21:00.068Z,"85km SW of Ndoi Island, Fiji",earthquake
2015-04-26T00:41:44.610Z,12.8508,143.6584,103.08,4.7,mb,,53,1.388,0.74,us,us200029a9,2015-04-26T07:28:11.491Z,"118km WSW of Merizo Village, Guam",earthquake
2015-04-26T00:23:52.380Z,-19.792,-177.7977,484.48,5,mb,,28,4.427,0.98,us,us200029a4,2015-04-26T08:27:57.718Z,"133km NE of Ndoi Island, Fiji",earthquake
2015-04-25T23:41:52.730Z,27.5598,85.9359,10,4.5,mb,,86,5.66,0.72,us,us2000299x,2015-04-26T07:49:45.703Z,"29km NNW of Ramechhap, Nepal",earthquake
2015-04-25T23:16:15.070Z,27.8052,84.8744,10,5.6,mb,,35,6.63,0.73,us,us2000299v,2015-05-01T20:52:10.040Z,"41km WNW of Kirtipur, Nepal",earthquake
2015-04-25T21:07:17.930Z,27.732,85.7266,10,4.7,mb,,89,5.893,0.54,us,us20002993,2015-04-26T17:48:53.501Z,"20km E of Nagarkot, Nepal",earthquake
2015-04-25T20:37:46.850Z,8.2241,-83.3816,12.03,4.7,mwr,,136,0.491,1.21,us,us2000298z,2015-04-25T23:35:16.225Z,"51km SSW of Golfito, Costa Rica",earthquake
2015-04-25T20:01:36.470Z,23.9631,122.4993,23.46,5.1,mwr,,55,0.685,1.09,us,us2000298l,2015-04-29T00:37:02.769Z,"75km SW of Yonakuni, Japan",earthquake
2015-04-25T17:42:50.930Z,28.2621,85.7739,10,5.4,mb,,37,4.904,0.88,us,us2000297g,2015-05-01T21:15:27.040Z,"22km WNW of Chongdui, China",earthquake
2015-04-25T17:09:19.810Z,-4.3175,143.2778,123.87,5.1,mb,,18,4.665,0.9,us,us20002975,2015-04-28T15:08:25.781Z,"48km E of Ambunti, Papua New Guinea",earthquake
2015-04-25T16:41:15.680Z,3.1167,128.1432,125.18,5.3,mb,,37,2.455,0.95,us,us20002973,2015-04-26T00:43:56.211Z,"154km N of Tobelo, Indonesia",earthquake
2015-04-25T16:27:21.780Z,27.9087,85.6175,10,4.9,mb,,79,6.045,0.95,us,us20002970,2015-04-26T11:43:22.702Z,"23km NNE of Nagarkot, Nepal",earthquake
2015-04-25T14:10:02.830Z,27.5843,85.6622,10,4.6,mb,,86,5.898,0.87,us,us20002965,2015-04-25T21:31:26.595Z,"14km E of Panaoti, Nepal",earthquake
2015-04-25T13:36:14.640Z,27.7476,85.89,10,4.6,mb,,185,5.762,0.8,us,us2000295x,2015-04-25T21:38:56.326Z,"23km SSW of Kodari, Nepal",earthquake
2015-04-25T13:30:28.240Z,28.1078,85.0726,10,4.6,mb,,135,6.566,1.23,us,us2000295v,2015-04-25T14:15:26.303Z,"51km NNW of Kathmandu, Nepal",earthquake
2015-04-25T12:44:04.400Z,28.1513,84.6587,10,5.2,mb,,37,6.924,1.13,us,us2000295i,2015-04-26T12:40:03.256Z,"29km ESE of Lamjung, Nepal",earthquake
2015-04-25T12:17:55.920Z,28.0049,85.5638,10,4.5,mb,,98,5.164,0.74,us,us2000295f,2015-04-25T13:20:35.860Z,"32km N of Nagarkot, Nepal",earthquake
2015-04-25T10:40:35.880Z,27.5667,85.8384,10,4.8,mb,,166,5.112,0.62,us,us2000294x,2015-04-25T11:18:26.622Z,"32km E of Panaoti, Nepal",earthquake
2015-04-25T09:30:29.590Z,27.9938,85.437,10,5,mb,,79,6.225,0.91,us,us2000294i,2015-04-26T09:54:31.465Z,"31km NNW of Nagarkot, Nepal",earthquake
2015-04-25T09:17:02.710Z,28.4282,87.3382,10,5.7,mb,,36,4.936,0.81,us,us2000294g,2015-04-26T09:53:32.472Z,"33km SE of Xegar, China",earthquake
2015-04-25T09:03:15.420Z,27.8741,85.3069,10,4.9,mb,,82,6.291,0.65,us,us2000294e,2015-04-25T17:06:53.495Z,"19km N of Kathmandu, Nepal",earthquake
2015-04-25T08:55:55.730Z,27.6364,85.5029,10,5.3,mb,,42,6.049,0.81,us,us2000294d,2015-04-25T09:42:00.034Z,"1km WNW of Banepa, Nepal",earthquake
2015-04-25T08:29:24.360Z,27.9903,84.7097,10,5,mb,,90,6.827,0.62,us,us20002946,2015-04-25T10:44:04.814Z,"41km SE of Lamjung, Nepal",earthquake
2015-04-25T08:20:11.980Z,27.9528,85.7219,10,4.7,mb,,55,5.976,0.91,us,us20002944,2015-04-25T16:25:18.399Z,"22km W of Kodari, Nepal",earthquake
2015-04-25T08:16:59.090Z,27.6733,85.6878,10,4.9,mb,,89,5.905,0.52,us,us20002942,2015-04-25T16:19:39.879Z,"17km ENE of Banepa, Nepal",earthquake
2015-04-25T08:05:37.730Z,27.7307,85.7304,10,4.6,mb,,105,5.13,0.61,us,us2000293v,2015-04-25T08:57:17.865Z,"20km E of Nagarkot, Nepal",earthquake
2015-04-25T07:47:01.690Z,27.8549,85.5572,10,5,mb,,79,6.076,0.81,us,us2000293p,2015-04-25T08:52:38.183Z,"15km NNE of Nagarkot, Nepal",earthquake
2015-04-25T07:39:33.910Z,27.6659,85.7483,10,4.5,mb,,99,5.142,0.68,us,us2000293l,2015-04-25T15:42:21.269Z,"22km E of Banepa, Nepal",earthquake
2015-04-25T07:16:56.830Z,28.002,85.2694,10,4.8,mb,,127,5.41,0.98,us,us2000293d,2015-04-25T15:20:10.173Z,"33km N of Kathmandu, Nepal",earthquake
2015-04-25T07:13:44.320Z,27.5458,85.5502,10,4.8,mb,,105,5.352,0.68,us,us2000293i,2015-04-25T07:55:23.304Z,"5km SE of Panaoti, Nepal",earthquake
2015-04-25T07:07:59.620Z,27.7278,85.9185,10,5,mb,,86,12.38,0.78,us,us20002939,2015-04-25T08:11:43.314Z,"25km S of Kodari, Nepal",earthquake
2015-04-25T06:56:34.450Z,27.91,85.6501,10,5.5,mb,,55,5.127,1.03,us,us20002934,2015-04-26T17:09:07.526Z,"25km NNE of Nagarkot, Nepal",earthquake
2015-04-25T06:45:21.380Z,28.1927,84.8645,14.62,6.6,mb,,16,5.69,1.17,us,us2000292y,2015-04-29T12:50:22.749Z,"49km E of Lamjung, Nepal",earthquake
2015-04-25T06:37:58.720Z,27.7239,85.8182,9.85,5.1,mb,,76,5.062,0.67,us,us2000292w,2015-04-25T16:37:33.121Z,"28km SSW of Kodari, Nepal",earthquake
2015-04-25T06:35:45.470Z,32.8475,140.4477,77.16,5.3,mb,,62,0.596,1.21,us,us2000292n,2015-04-25T14:38:34.913Z,"65km ESE of Hachijo-jima, Japan",earthquake
2015-04-25T06:21:53.000Z,60.0488,-153.5419,180,4.6,ml,,,,0.88,ak,ak11563833,2015-04-25T07:21:22.818Z,"65km SW of Redoubt Volcano, Alaska",earthquake
2015-04-25T06:11:26.270Z,28.1473,84.7079,15,7.8,mww,,35,5.835,1.19,us,us20002926,2015-05-01T18:32:12.292Z,"34km ESE of Lamjung, Nepal",earthquake
2015-04-25T00:49:07.440Z,-7.6835,127.5406,166.67,4.7,mb,,50,3.735,1.26,us,us20002911,2015-04-25T08:53:10.314Z,"237km ENE of Dili, East Timor",earthquake
2015-04-25T00:37:41.640Z,13.8316,144.7988,139.73,5.1,mb,,60,0.25,0.76,us,us20002910,2015-04-25T09:45:14.039Z,"34km NNW of Yigo Village, Guam",earthquake
2015-04-24T22:14:44.550Z,38.6562,-29.1142,10,4.8,mb,,117,0.681,0.75,us,us2000290j,2015-04-25T06:17:21.636Z,"39km WNW of Ribeira Grande, Portugal",earthquake
2015-04-24T17:01:40.270Z,-7.3195,120.6939,530.2,4.6,mb,,48,2.011,0.81,us,us200028wp,2015-04-25T15:40:39.107Z,"109km N of Dampek, Indonesia",earthquake
2015-04-24T13:56:16.020Z,51.7685,-130.6951,10,6.2,mww,,68,1.65,0.85,us,us200028ue,2015-04-25T15:27:59.537Z,"182km WSW of Bella Bella, Canada",earthquake
2015-04-24T07:37:52.080Z,36.4586,142.8525,34.91,4.6,mb,,136,2.161,0.79,us,us200028s3,2015-04-24T15:40:23.644Z,"187km ESE of Iwaki, Japan",earthquake
2015-04-24T06:20:47.950Z,36.3131,68.5451,48.74,4.6,mb,,84,1.814,1.24,us,us200028rq,2015-04-24T14:23:53.220Z,"25km NW of Baghlan, Afghanistan",earthquake
2015-04-24T05:28:07.680Z,-0.1937,124.2783,77.25,5,mb,,30,1.726,1,us,us200028rg,2015-04-24T13:30:38.463Z,"72km SSE of Molibagu, Indonesia",earthquake
2015-04-24T03:36:43.230Z,-42.0632,172.9994,55,6.1,mww,,22,0.308,0.97,us,us200028qc,2015-04-27T23:48:36.799Z,"68km NW of Kaikoura, New Zealand",earthquake
2015-04-24T02:51:07.610Z,-6.5588,154.9522,77.01,5.1,mb,,55,3.638,0.64,us,us200028q4,2015-04-24T10:53:38.789Z,"64km WSW of Panguna, Papua New Guinea",earthquake
2015-04-24T01:34:55.070Z,40.4269,-127.1681,10,5.4,mww,,50,2.3,1.16,us,us200028pe,2015-04-30T23:36:55.358Z,"246km W of Ferndale, California",earthquake
2015-04-24T01:29:48.690Z,51.7761,-175.1827,51.48,5.3,mb,,68,0.604,0.7,us,us200028pd,2015-05-01T21:43:55.745Z,"82km SW of Atka, Alaska",earthquake
2015-04-23T23:58:21.810Z,12.2704,95.0071,28.37,4.9,mb,,73,2.297,0.9,us,us200028p4,2015-04-24T08:00:48.910Z,"254km ENE of Port Blair, India",earthquake
2015-04-23T22:21:04.990Z,-18.5257,-175.4007,194.53,4.7,mb,,75,5.213,1.25,us,us200028nu,2015-04-24T06:23:39.043Z,"150km W of Neiafu, Tonga",earthquake
2015-04-23T14:57:30.700Z,51.7467,176.3821,55.98,5.3,mb,,109,1.713,0.85,us,us200028ka,2015-05-01T20:04:00.935Z,"74km SSE of Buldir Island, Alaska",earthquake
2015-04-23T14:31:40.050Z,45.7368,142.1024,304,5,mb,,104,1.304,0.98,us,us200028jz,2015-04-23T15:02:38.135Z,"46km NNE of Makubetsu, Japan",earthquake
2015-04-23T12:23:42.890Z,41.9182,142.2571,53.77,4.5,mb,,107,0.678,0.64,us,us200028jn,2015-04-23T20:26:22.946Z,"47km S of Shizunai, Japan",earthquake
2015-04-23T11:14:13.520Z,-30.8772,-178.0532,10,4.7,mb,,115,1.63,0.79,us,us200028jh,2015-04-23T19:16:55.022Z,"101km NE of L'Esperance Rock, New Zealand",earthquake
2015-04-23T10:52:20.710Z,1.7074,128.6382,63.94,4.6,mb,,111,1.574,1.21,us,us200028je,2015-04-23T18:54:58.483Z,"69km E of Tobelo, Indonesia",earthquake
2015-04-23T04:49:13.510Z,-17.6086,-69.5114,169.93,4.8,mb,,85,0.722,0.77,us,us200028i2,2015-04-23T12:51:51.571Z,"57km ESE of Tarata, Peru",earthquake
2015-04-23T04:25:02.480Z,16.1698,-96.8935,48.41,4.5,mb,,193,2.117,1.17,us,us200028hz,2015-04-23T21:14:14.040Z,"24km SSW of San Vicente Coatlan, Mexico",earthquake
2015-04-22T22:57:15.970Z,-12.0254,166.4238,72,6.3,mwb,,28,6.863,0.81,us,us200028gt,2015-04-24T02:33:56.000Z,"158km SSE of Lata, Solomon Islands",earthquake
2015-04-22T22:42:42.770Z,-41.6743,174.2711,22.38,4.7,mb,,91,0.086,1.02,us,us200028gs,2015-04-23T23:52:42.729Z,"31km ESE of Blenheim, New Zealand",earthquake
2015-04-22T19:27:24.350Z,-11.7533,166.5427,82.69,4.8,mb,,143,6.879,1.2,us,us200028ec,2015-04-23T18:16:11.313Z,"138km SE of Lata, Solomon Islands",earthquake
2015-04-22T17:03:16.280Z,-30.6459,-178.308,68.63,5.2,mb,,58,1.434,0.86,us,us200028dr,2015-04-23T01:05:51.288Z,"103km NNE of L'Esperance Rock, New Zealand",earthquake
2015-04-22T13:45:50.200Z,9.9324,125.9974,76.36,4.5,mb,,77,2.874,0.84,us,us200028bn,2015-04-26T13:55:18.389Z,"2km SSW of San Benito, Philippines",earthquake
2015-04-22T07:06:53.950Z,-13.6385,166.6667,53.72,4.7,mb,,104,1.871,1.2,us,us200028ab,2015-04-22T15:09:26.552Z,"99km WNW of Sola, Vanuatu",earthquake
2015-04-22T06:00:11.060Z,-37.6248,-73.6487,10,4.7,mb,,153,2.127,0.93,us,us200028a4,2015-04-22T16:45:21.607Z,"0km S of Lebu, Chile",earthquake
2015-04-22T01:54:12.150Z,59.3058,-30.2599,10,4.7,mb,,43,6.884,0.73,us,us2000289p,2015-05-01T05:46:18.086Z,"Reykjanes Ridge",earthquake
2015-04-21T20:32:31.230Z,-1.6987,138.6353,28.87,4.9,mb,,61,6.495,0.73,us,us2000287d,2015-04-24T20:41:48.372Z,"240km WNW of Abepura, Indonesia",earthquake
2015-04-21T19:10:18.260Z,-6.3571,154.7552,68.01,5.3,mwb,,16,3.359,0.78,us,us2000286u,2015-04-24T18:56:50.634Z,"80km W of Panguna, Papua New Guinea",earthquake
2015-04-21T19:00:21.220Z,-14.7304,-71.2532,153,5.3,mwb,,60,3.723,1.2,us,us2000286l,2015-04-24T17:50:40.160Z,"28km SSW of Layo, Peru",earthquake
2015-04-21T18:40:44.580Z,46.2669,152.9447,47.46,4.7,mb,,136,7.049,0.81,us,us2000286h,2015-04-24T13:50:50.948Z,"Kuril Islands",earthquake
2015-04-21T16:35:37.940Z,46.3719,152.8949,60.53,4.9,mb,,160,6.999,0.6,us,us2000285g,2015-04-22T00:38:13.089Z,"Kuril Islands",earthquake
2015-04-21T16:10:36.340Z,14.4227,56.2698,10,4.7,mb,,85,2.917,0.83,us,us20002857,2015-04-22T00:13:08.461Z,"Owen Fracture Zone region",earthquake
2015-04-21T14:02:19.370Z,28.8456,82.3889,41.84,5,mb,,35,7.68,0.56,us,us2000281p,2015-04-28T08:55:27.613Z,"51km SSE of Jumla, Nepal",earthquake
2015-04-21T13:46:30.840Z,-18.2298,-178.21,505.48,5.1,mb,,22,3.589,0.64,us,us2000281l,2015-04-21T21:49:05.243Z,"272km N of Ndoi Island, Fiji",earthquake
2015-04-21T13:01:24.320Z,15.9984,-96.6682,35,4.9,mb,,123,2.393,0.58,us,us2000281f,2015-04-21T21:53:52.040Z,"35km S of Santa Cruz Xitla, Mexico",earthquake
2015-04-21T11:21:12.190Z,-6.1072,149.8223,53.49,5.3,mb,,42,3.01,0.99,us,us20002813,2015-04-21T11:53:15.023Z,"32km ENE of Kandrian, Papua New Guinea",earthquake
2015-04-21T07:33:01.320Z,46.3447,152.804,53.08,4.8,mb,,171,6.941,0.67,us,us2000280g,2015-04-21T15:35:37.251Z,"Kuril Islands",earthquake
2015-04-21T00:17:28.930Z,14.1208,92.9493,27.07,5.1,mb,,46,7.052,0.75,us,us200027ye,2015-04-27T23:52:07.751Z,"268km N of Bamboo Flat, India",earthquake
2015-04-20T20:02:07.290Z,-6.1417,150.5714,67.77,4.9,mb,,52,2.503,0.72,us,us200027v4,2015-04-21T04:04:36.818Z,"80km SE of Kimbe, Papua New Guinea",earthquake
2015-04-20T18:19:53.390Z,-62.0359,161.044,10,5,mb,,42,15.563,1.15,us,us200027ul,2015-04-21T02:22:28.028Z,"Balleny Islands region",earthquake
2015-04-20T16:40:19.250Z,14.2105,145.3059,119.27,4.8,mb,,67,0.749,0.6,us,us200027tb,2015-04-21T00:42:52.796Z,"12km ENE of Rota, Northern Mariana Islands",earthquake
2015-04-20T16:04:28.540Z,27.971,52.4523,10,4.5,mb,,62,4.515,0.57,us,us200027t3,2015-04-21T00:07:05.229Z,"97km S of Firuzabad, Iran",earthquake
2015-04-20T13:48:23.870Z,-17.8428,-178.5955,548.43,4.6,mb,,69,3.194,0.83,us,us200027sg,2015-04-20T21:50:57.785Z,"266km SE of Lambasa, Fiji",earthquake
2015-04-20T13:03:25.170Z,-11.417,161.9176,55.86,4.7,mb,,94,11.446,0.77,us,us200027sd,2015-04-20T21:06:09.723Z,"106km S of Kirakira, Solomon Islands",earthquake
2015-04-20T12:00:00.300Z,24.0662,122.5121,29,6.1,mww,,30,0.605,0.85,us,us200027ru,2015-04-22T01:43:28.580Z,"66km SW of Yonakuni, Japan",earthquake
2015-04-20T11:45:13.470Z,24.0682,122.4616,29,6,mww,,12,0.639,0.76,us,us200027rt,2015-04-21T01:56:22.000Z,"70km SW of Yonakuni, Japan",earthquake
2015-04-20T11:20:46.880Z,23.6234,121.633,34.22,5.2,mb,,48,0.384,0.83,us,us200027rr,2015-04-20T17:02:30.921Z,"39km S of Hualian, Taiwan",earthquake
2015-04-20T09:05:31.720Z,-5.7174,102.485,10,5.6,mwb,,40,1.427,1.48,us,us200027rc,2015-04-20T22:56:20.000Z,"160km WSW of Kuripan, Indonesia",earthquake
2015-04-20T07:11:40.940Z,10.7952,-62.3575,83.41,4.7,mb,,94,1.497,0.73,us,us200027r0,2015-04-20T21:52:43.366Z,"24km NNW of Gueiria, Venezuela",earthquake
2015-04-20T03:24:31.520Z,-23.4867,179.9898,532.85,4.5,mb,,104,5.993,1.04,us,us200029tf,2015-04-30T05:03:15.937Z,"South of the Fiji Islands",earthquake
2015-04-20T02:04:20.540Z,-5.5754,146.3165,59.54,4.6,mb,,69,3.895,1.02,us,us200029tc,2015-04-29T04:28:11.471Z,"69km SE of Madang, Papua New Guinea",earthquake
2015-04-20T01:49:12.000Z,24.1099,122.4875,38.6,5.2,mb,,87,0.595,1,us,us200028h7,2015-04-29T03:54:24.553Z,"65km SW of Yonakuni, Japan",earthquake
2015-04-20T01:42:58.380Z,24.2016,122.317,29,6.4,mww,,11,0.66,1.26,us,us200027ps,2015-04-29T03:49:32.793Z,"64km SE of Su'ao, Taiwan",earthquake
2015-04-19T22:33:22.940Z,27.2458,130.4823,10,4.6,mb,,67,1.567,1.3,us,us200027p9,2015-04-20T06:35:59.739Z,"158km SE of Naze, Japan",earthquake
2015-04-19T22:02:20.920Z,38.5859,-29.1593,9.52,4.6,mb,,91,0.726,0.64,us,us200027p4,2015-04-20T06:04:58.411Z,"40km W of Ribeira Grande, Portugal",earthquake
2015-04-19T21:01:47.960Z,22.1463,143.8124,121.13,4.5,mb,,62,5.145,0.69,us,us200027ny,2015-04-20T05:04:22.153Z,"210km NNW of Farallon de Pajaros, Northern Mariana Islands",earthquake
2015-04-19T18:40:25.040Z,1.8787,98.9561,125.84,5.3,mb,,48,0.81,0.95,us,us200027ni,2015-04-20T02:43:04.175Z,"24km NE of Sibolga, Indonesia",earthquake
2015-04-19T15:45:55.550Z,1.3206,127.0348,132.27,4.5,mb,,111,0.638,0.65,us,us200027mv,2015-04-19T23:48:29.205Z,"69km NNW of Kota Ternate, Indonesia",earthquake
2015-04-19T12:06:38.020Z,30.5004,142.9818,20.6,5.3,mb,,107,3.463,1.26,us,us200027mf,2015-04-19T20:09:22.166Z,"Izu Islands, Japan region",earthquake
2015-04-19T05:32:14.980Z,-17.0097,66.5917,10,5.3,mb,,59,11.123,0.69,us,us200027lr,2015-04-19T13:34:44.592Z,"Mauritius - Reunion region",earthquake
2015-04-19T03:06:05.840Z,-60.3839,-24.7892,32.19,4.5,mb,,94,14.283,0.78,us,us200028v1,2015-04-29T23:23:33.285Z,"179km SSE of Bristol Island, South Sandwich Islands",earthquake
2015-04-19T02:03:16.850Z,-21.6087,-66.7373,219.01,4.5,mb,,41,2.249,1.34,us,us200027l5,2015-04-26T02:23:36.215Z,"91km SW of Atocha, Bolivia",earthquake
2015-04-18T16:46:51.360Z,36.4543,23.1691,40.08,4.8,mb,,96,1.232,1.14,us,us200027jx,2015-04-18T20:28:27.978Z,"28km SSE of Gefyra, Greece",earthquake
2015-04-18T13:36:50.860Z,37.8429,21.3813,52.3,4.5,mb,,74,0.791,0.97,us,us200027j8,2015-04-18T20:28:49.303Z,"0km SSW of Sinoikismos Khavarion, Greece",earthquake
2015-04-18T11:16:07.440Z,-34.9523,179.7679,59.36,5.4,mb,,61,2.859,1.16,us,us200027iv,2015-04-18T19:19:02.431Z,"South of the Kermadec Islands",earthquake
2015-04-18T10:04:59.820Z,1.1555,-102.6939,10,4.5,mb,,193,16.802,0.72,us,us200027iu,2015-04-18T18:07:35.831Z,"Galapagos Triple Junction region",earthquake
2015-04-18T09:34:54.340Z,31.9239,132.0296,35,4.5,mb,,85,1.406,0.71,us,us200027it,2015-04-18T17:37:33.796Z,"55km ESE of Takanabe, Japan",earthquake
2015-04-18T09:08:42.130Z,8.0616,-37.8235,10,4.9,mb,,46,13.93,0.86,us,us200027is,2015-04-18T17:11:19.787Z,"Central Mid-Atlantic Ridge",earthquake
2015-04-18T06:40:57.990Z,-9.5926,106.845,10,4.5,mb,,90,1.469,0.85,us,us200027ij,2015-04-18T14:43:26.674Z,"157km NE of Flying Fish Cove, Christmas Island",earthquake
2015-04-18T02:41:04.410Z,-30.122,-178.4678,144.35,4.9,mb,,63,0.991,1.11,us,us200027hv,2015-04-25T04:52:49.153Z,"109km SSW of Raoul Island, New Zealand",earthquake
2015-04-17T23:23:32.690Z,-13.8457,-173.9084,10,4.6,mb,,120,2.07,0.44,us,us200028lj,2015-05-01T22:57:23.110Z,"164km W of Gataivai, Samoa",earthquake
2015-04-17T21:52:52.610Z,-25.3143,-176.1004,35,4.9,mb,,55,4.239,1.43,us,us200027gb,2015-04-26T03:40:05.015Z,"South of the Fiji Islands",earthquake
2015-04-17T16:53:36.190Z,-61.0894,-23.3297,35,4.9,mb,,93,9.791,0.57,us,us200027dc,2015-04-18T00:56:17.294Z,"289km SE of Bristol Island, South Sandwich Islands",earthquake
2015-04-17T16:39:42.220Z,34.9529,26.6965,27.77,4.5,mb,,144,0.704,1.22,us,us200027d6,2015-04-18T00:42:25.252Z,"49km SE of Palaikastron, Greece",earthquake
2015-04-17T15:52:51.650Z,-15.9073,-178.5848,10,6.5,mww,,55,3.702,1.36,us,us200027c2,2015-04-19T21:56:20.000Z,"183km SSW of Sigave, Wallis and Futuna",earthquake
2015-04-17T09:19:31.810Z,-15.949,-178.8575,10,4.7,mb,,106,3.455,0.82,us,us2000278t,2015-04-17T17:22:03.030Z,"195km ENE of Lambasa, Fiji",earthquake
2015-04-17T02:05:40.320Z,35.0554,26.7357,15.32,5.3,mww,,49,0.601,0.71,us,us2000277l,2015-04-25T03:51:09.748Z,"47km ESE of Palaikastron, Greece",earthquake
2015-04-17T01:51:33.700Z,25.0365,128.8538,10,5.2,mb,,53,1.866,0.76,us,us2000277h,2015-04-23T23:49:01.681Z,"169km SE of Itoman, Japan",earthquake
2015-04-16T23:36:49.540Z,-28.9967,-72.7717,35,4.8,mb,,132,1.688,1.11,us,us2000276u,2015-04-27T21:48:44.961Z,"174km NW of Coquimbo, Chile",earthquake
2015-04-16T23:27:24.570Z,-59.784,-27.6085,153.14,4.8,mb,,82,15.498,0.93,us,us2000276t,2015-04-27T05:04:04.225Z,"104km SW of Bristol Island, South Sandwich Islands",earthquake
2015-04-16T22:05:49.650Z,26.7924,92.7714,35,4.8,mb,,48,1.471,0.64,us,us20002763,2015-04-27T04:48:12.114Z,"12km ESE of Rangapara, India",earthquake
2015-04-16T20:36:25.420Z,30.3982,142.8349,28.55,4.6,mb,,75,3.339,0.7,us,us2000274l,2015-04-17T04:39:02.840Z,"Izu Islands, Japan region",earthquake
2015-04-16T19:02:12.260Z,35.1096,26.8807,10,5,mb,,51,0.493,0.92,us,us20002732,2015-04-17T03:04:40.454Z,"53km SW of Karpathos, Greece",earthquake
2015-04-16T18:52:36.770Z,35.0558,26.8112,23.6,4.8,mb,,110,0.567,0.9,us,us2000272w,2015-04-17T02:55:18.492Z,"53km ESE of Palaikastron, Greece",earthquake
2015-04-16T18:07:42.950Z,35.1369,26.8216,20,6,mww,,25,0.494,0.76,us,us2000272b,2015-04-20T15:17:15.152Z,"52km E of Palaikastron, Greece",earthquake
2015-04-16T18:05:55.110Z,-24.1546,-66.8331,175,4.9,mb,,55,2.449,0.87,us,us20002729,2015-04-17T02:08:36.142Z,"52km W of San Antonio de los Cobres, Argentina",earthquake
2015-04-16T07:38:50.250Z,36.6368,140.9916,46.35,4.5,mb,,146,0.762,1.33,us,us200026xe,2015-04-16T19:05:51.679Z,"26km ESE of Takahagi, Japan",earthquake
2015-04-16T02:24:15.730Z,10.8133,-62.3943,83.52,5.1,mb,,32,1.498,0.6,us,us200026w5,2015-04-30T01:55:04.453Z,"28km NNW of Gueiria, Venezuela",earthquake
2015-04-15T20:16:50.650Z,38.3894,142.1643,48.69,4.5,mb,,136,1.202,1.37,us,us200026t8,2015-04-15T21:28:24.307Z,"75km E of Ishinomaki, Japan",earthquake
2015-04-15T19:55:00.460Z,39.3247,143.6016,10,5.2,mb,,94,2.639,1.13,us,us200026su,2015-04-15T20:55:19.226Z,"143km E of Yamada, Japan",earthquake
2015-04-15T19:48:36.070Z,22.7137,121.3795,28.64,4.5,mb,,92,0.295,1,us,us200026st,2015-04-16T03:51:11.060Z,"24km ESE of Taitung City, Taiwan",earthquake
2015-04-15T16:57:03.310Z,38.9673,15.3841,253.38,4.5,mb,,35,0.811,0.75,us,us200026r2,2015-04-29T01:26:20.086Z,"54km NW of Tropea, Italy",earthquake
2015-04-15T11:11:49.140Z,48.1751,153.7496,101.12,4.7,mb,,134,5.54,0.6,us,us200026nc,2015-04-15T19:14:30.026Z,"Kuril Islands",earthquake
2015-04-15T10:22:08.140Z,-3.8483,151.6834,10,5.2,mb,,89,0.587,0.77,us,us200026n9,2015-04-15T18:24:49.283Z,"66km NW of Rabaul, Papua New Guinea",earthquake
2015-04-15T08:25:12.410Z,34.8637,32.31,10,5.5,mb,,52,0.844,1.31,us,us200026mv,2015-04-30T04:08:22.353Z,"7km WSW of Peyia, Cyprus",earthquake
2015-04-15T07:39:27.610Z,39.736,106.4254,10,5.3,mb,,52,8.096,1.01,us,us200026mr,2015-04-16T02:06:04.040Z,"34km WNW of Wuhai, China",earthquake
2015-04-15T07:08:37.440Z,35.4686,104.0214,10.32,4.5,mb,,123,12.482,0.46,us,us200026mm,2015-04-16T03:42:15.977Z,"44km N of Yangzhuang, China",earthquake
2015-04-15T06:59:16.760Z,-14.5568,-76.244,10,4.9,mb,,150,2.619,0.82,us,us200026ml,2015-04-15T15:01:44.214Z,"70km SW of Santiago, Peru",earthquake
2015-04-15T04:45:01.440Z,-6.3723,148.3882,70.64,4.8,mb,,67,3.249,0.36,us,us200026m3,2015-04-28T01:15:49.750Z,"62km ENE of Finschhafen, Papua New Guinea",earthquake
2015-04-15T04:09:37.080Z,-7.5251,127.5928,168.23,4.5,mb,,68,3.965,0.92,us,us20002844,2015-04-27T23:53:51.227Z,"250km ENE of Dili, East Timor",earthquake
2015-04-15T03:56:37.330Z,3.4075,125.7052,162.82,4.6,mb,,129,3.1,0.61,us,us2000284i,2015-04-27T23:44:58.402Z,"222km S of Sarangani, Philippines",earthquake
2015-04-14T23:41:29.450Z,-7.3778,128.6865,133.73,5,mb,,30,2.657,0.97,us,us200026l4,2015-04-28T05:13:10.955Z,"297km WNW of Saumlaki, Indonesia",earthquake
2015-04-14T19:41:28.380Z,48.0474,152.5558,152.29,4.6,mb,,130,6.032,0.76,us,us200026i7,2015-04-16T15:52:02.086Z,"286km ESE of Vostok, Russia",earthquake
2015-04-14T13:25:35.770Z,-25.1015,179.6286,494.35,4.6,mb,,72,7.465,0.61,us,us200026ek,2015-04-14T21:28:23.570Z,"South of the Fiji Islands",earthquake
2015-04-14T13:04:27.280Z,19.2182,121.1291,28.02,4.5,mb,,97,1.776,0.87,us,us200026eh,2015-04-14T21:07:08.426Z,"67km N of Claveria, Philippines",earthquake
2015-04-14T10:55:42.130Z,-5.5653,153.0848,36.73,4.8,mb,,96,1.644,0.45,us,us200026cx,2015-04-14T18:58:12.435Z,"121km S of Taron, Papua New Guinea",earthquake
2015-04-14T08:13:55.490Z,-15.1986,-173.3473,9,5.6,mwb,,32,5.055,0.73,us,us200026cn,2015-04-28T13:25:02.252Z,"93km NNE of Hihifo, Tonga",earthquake
2015-04-14T08:00:00.870Z,34.3814,26.5611,12.45,4.8,mb,,115,1.263,0.76,us,us200026cm,2015-04-28T10:54:18.587Z,"91km SE of Makry Gialos, Greece",earthquake
2015-04-14T07:38:54.520Z,-61.1058,-36.165,10,5.1,mb,,92,6.844,0.59,us,us200026cj,2015-04-28T10:31:31.056Z,"Scotia Sea",earthquake
2015-04-14T00:24:05.750Z,-38.0707,178.7636,10,4.5,mb,,252,0.623,0.68,us,us20002832,2015-04-26T03:17:58.524Z,"92km NE of Gisborne, New Zealand",earthquake
2015-04-13T22:16:20.230Z,-21.0794,-68.6264,122,5.2,mww,,27,0.805,1.24,us,us2000269j,2015-04-28T04:32:58.764Z,"156km NNE of Calama, Chile",earthquake
2015-04-13T21:40:48.530Z,-17.4652,-178.5647,551.87,4.7,mb,,78,3.238,0.96,us,us2000269c,2015-04-28T04:28:01.854Z,"247km ESE of Lambasa, Fiji",earthquake
2015-04-13T20:21:25.150Z,-40.9988,43.4661,10,4.7,mb,,53,19.351,0.45,us,us2000268l,2015-04-14T04:24:06.554Z,"Southwest Indian Ridge",earthquake
2015-04-13T18:51:03.580Z,39.7083,143.6526,10,4.9,mb,,97,2.334,1,us,us2000267d,2015-04-14T02:53:46.807Z,"146km E of Miyako, Japan",earthquake
2015-04-13T17:13:57.420Z,23.9202,121.0817,21.91,4.5,mb,,87,0.176,1.31,us,us2000266k,2015-04-14T12:14:22.086Z,"12km ESE of Buli, Taiwan",earthquake
2015-04-13T15:05:41.390Z,1.8274,126.3541,7.89,4.7,mb,,100,1.457,0.66,us,us2000264m,2015-04-13T23:08:22.301Z,"137km ENE of Bitung, Indonesia",earthquake
2015-04-13T14:37:48.740Z,30.7719,141.6624,7.97,4.7,mb,,64,2.815,0.65,us,us2000264f,2015-04-13T22:40:44.611Z,"Izu Islands, Japan region",earthquake
2015-04-13T14:32:28.070Z,-8.5207,-80.3052,26.92,4.9,mb,,93,8.894,0.85,us,us2000264c,2015-04-14T14:37:06.587Z,"132km WSW of Santiago de Cao, Peru",earthquake
2015-04-13T13:37:35.180Z,-4.7089,153.0046,50,5.3,mwb,,22,0.983,0.54,us,us2000263s,2015-04-13T21:40:16.743Z,"26km S of Taron, Papua New Guinea",earthquake
2015-04-13T11:15:54.000Z,-0.0334,123.4196,149.95,4.5,mb,,50,1.192,0.61,us,us20002634,2015-04-26T09:15:51.209Z,"51km SSE of Bilungala, Indonesia",earthquake
2015-04-13T10:28:45.530Z,23.9825,102.9785,10,4.7,mb,,98,6.369,0.86,us,us20002630,2015-04-13T18:31:30.602Z,"10km SSW of Huaxijie, China",earthquake
2015-04-13T09:27:04.190Z,36.5886,71.3235,94.58,4.8,mb,,72,0.804,0.68,us,us2000262s,2015-04-13T17:29:34.533Z,"21km WSW of Ashkasham, Afghanistan",earthquake
2015-04-13T07:40:21.970Z,-5.8128,149.5859,142.79,4.8,mb,,93,3.031,0.91,us,us2000262f,2015-04-13T15:43:02.990Z,"44km N of Kandrian, Papua New Guinea",earthquake
2015-04-13T06:25:00.670Z,-18.0415,-17.3826,10,4.8,mb,,118,10.469,0.62,us,us20002629,2015-04-13T14:27:26.871Z,"Southern Mid-Atlantic Ridge",earthquake
2015-04-13T04:43:30.910Z,-2.254,-12.7335,10,4.7,mb,,70,5.805,1.06,us,us20002626,2015-04-28T00:20:34.428Z,"North of Ascension Island",earthquake
2015-04-13T03:53:51.250Z,17.2278,-121.8784,10,4.7,mb,,124,12.804,0.74,us,us2000261q,2015-04-27T04:07:34.773Z,"North Pacific Ocean",earthquake
2015-04-13T03:26:36.810Z,-5.7141,153.0064,33.58,4.5,mb,,91,1.73,0.82,us,us2000263t,2015-04-27T03:36:08.812Z,"137km S of Taron, Papua New Guinea",earthquake
2015-04-13T03:00:09.160Z,-40.0924,-73.6698,40,4.5,mwr,,91,1.261,1.53,us,us2000261h,2015-04-27T02:44:31.872Z,"30km SW of Corral, Chile",earthquake
2015-04-13T02:24:28.010Z,-55.3272,-28.0763,19.11,4.6,mb,,75,4.977,0.86,us,us20002829,2015-04-27T02:23:22.476Z,"162km NNW of Visokoi Island, South Georgia and the South Sandwich Islands",earthquake
2015-04-13T01:29:16.640Z,-6.8028,128.1514,289.23,4.5,mb,,107,3.334,0.73,us,us20002820,2015-04-27T00:54:56.176Z,"Banda Sea",earthquake
2015-04-12T20:45:01.610Z,13.7245,145.4612,106.14,4.6,mb,,81,0.591,0.49,us,us200025z0,2015-04-13T09:32:48.830Z,"55km SSE of Rota, Northern Mariana Islands",earthquake
2015-04-12T19:25:01.810Z,37.1503,143.821,10.92,5.3,mwp,,86,2.514,1,us,us200025yw,2015-04-13T03:27:38.717Z,"252km E of Namie, Japan",earthquake
2015-04-12T17:35:33.240Z,-18.2761,-172.7683,32.56,4.9,mb,,93,2.808,0.98,us,us200025yc,2015-04-13T01:38:35.254Z,"134km ENE of Neiafu, Tonga",earthquake
2015-04-12T16:48:16.260Z,27.3184,52.95,10,4.9,mb,,48,3.76,0.61,us,us200025y5,2015-04-13T00:50:46.886Z,"123km WSW of Gerash, Iran",earthquake
2015-04-12T09:01:21.560Z,-15.1061,-173.5764,10,4.5,mb,,61,2.109,0.62,us,us200025x5,2015-04-24T09:23:06.905Z,"95km N of Hihifo, Tonga",earthquake
2015-04-12T07:28:11.860Z,-33.036,-67.502,173.35,4.6,mb,,48,1.791,0.8,us,us200025wp,2015-04-12T14:30:00.853Z,"90km E of San Martin, Argentina",earthquake
2015-04-12T06:55:04.220Z,-28.2827,-67.3404,116.91,4.6,mb,,68,2.145,0.78,us,us200025wk,2015-04-12T14:57:39.651Z,"32km SE of Tinogasta, Argentina",earthquake
2015-04-12T06:25:15.530Z,36.4112,138.8193,147.27,4.6,mb,,53,0.513,0.79,us,us200025wj,2015-04-12T10:55:53.860Z,"12km NW of Annaka, Japan",earthquake
2015-04-12T02:49:30.290Z,25.099,128.2968,10,4.6,mb,,84,1.729,0.91,us,us200025w9,2015-04-23T02:57:35.827Z,"129km SSE of Itoman, Japan",earthquake
2015-04-12T00:45:29.330Z,-18.5781,-174.2914,34.72,5.1,mb,,77,4.163,0.59,us,us200025vw,2015-05-01T23:04:10.231Z,"33km WNW of Neiafu, Tonga",earthquake
2015-04-11T17:18:43.860Z,-6.4989,146.9889,61.56,4.8,mb,,41,2.892,1.12,us,us200025um,2015-04-15T20:53:33.584Z,"24km N of Lae, Papua New Guinea",earthquake
2015-04-11T12:44:36.690Z,-6.7541,104.3261,35,5.1,mb,,118,3.552,0.83,us,us200025u9,2015-04-11T20:47:03.607Z,"143km W of Cangkeuteuk Sabrang, Indonesia",earthquake
2015-04-11T11:42:53.590Z,4.7817,124.9019,288.85,5.1,mb,,55,2.37,0.84,us,us200025u4,2015-04-11T19:45:38.895Z,"92km SW of Sarangani, Philippines",earthquake
2015-04-11T10:07:23.800Z,-15.681,-172.8597,10,4.6,mb,,85,4.386,0.53,us,us200025tw,2015-04-11T18:10:03.471Z,"99km ENE of Hihifo, Tonga",earthquake
2015-04-11T07:45:13.000Z,41.0966,142.8835,39.54,4.6,mb,,134,0.94,1.35,us,us200025tq,2015-04-11T15:47:56.437Z,"134km ENE of Hachinohe, Japan",earthquake
2015-04-11T05:21:10.890Z,2.0477,126.6084,66.84,4.9,mb,,98,1.476,0.93,us,us200025tb,2015-04-11T13:23:38.356Z,"159km WNW of Tobelo, Indonesia",earthquake
2015-04-11T05:00:42.210Z,2.1643,126.7328,47.02,5.3,mb,,84,1.521,1.22,us,us200025t9,2015-04-12T20:25:38.040Z,"149km WNW of Tobelo, Indonesia",earthquake
2015-04-11T04:29:02.740Z,6.3869,-73.1446,50.84,4.5,mb,,58,1.928,0.59,us,us200025t7,2015-04-23T01:45:12.635Z,"6km S of Valle de San Jose, Colombia",earthquake
2015-04-11T03:59:54.070Z,52.1037,153.101,436.29,4.7,mb,,90,2.978,0.78,us,us200025t4,2015-04-23T00:20:37.297Z,"244km WNW of Ozernovskiy, Russia",earthquake
2015-04-11T01:33:10.990Z,-14.7502,167.9102,10,4.5,mb,,163,0.972,0.99,us,us200027ax,2015-04-22T22:46:36.780Z,"98km ENE of Port-Olry, Vanuatu",earthquake
2015-04-10T22:54:50.160Z,-7.5836,127.5929,159.76,4.7,mb,,28,3.693,1.03,us,us200025sf,2015-04-24T03:34:59.981Z,"247km ENE of Dili, East Timor",earthquake
2015-04-10T22:46:58.370Z,-22.5413,-176.1277,81.05,4.6,mb,,89,6.746,1.04,us,us2000279w,2015-04-26T01:30:59.696Z,"176km SSW of Vaini, Tonga",earthquake
2015-04-10T18:59:38.790Z,40.4336,-126.1572,19.89,4.7,mwr,,199,1.535,0.86,us,us200025qi,2015-04-11T13:59:10.453Z,"161km W of Ferndale, California",earthquake
2015-04-10T16:23:04.070Z,-13.8058,65.8874,10,5.5,mb,,39,9.054,0.93,us,us200025ml,2015-04-11T00:25:38.161Z,"Mid-Indian Ridge",earthquake
2015-04-10T11:56:12.000Z,53.0368,159.6694,74.3,4.9,mb,,134,0.615,0.81,us,us200025kn,2015-04-12T03:01:04.227Z,"68km E of Petropavlovsk-Kamchatskiy, Russia",earthquake
2015-04-10T09:52:45.760Z,10.9628,125.2267,129.83,4.5,mb,,103,8.797,0.79,us,us200025kf,2015-04-10T17:55:25.549Z,"21km E of San Jose, Philippines",earthquake
2015-04-10T09:42:23.830Z,-4.5232,138.2846,35,4.7,mb,,119,6.23,1.48,us,us200025kd,2015-04-10T17:44:54.921Z,"225km ESE of Enarotali, Indonesia",earthquake
2015-04-10T09:15:21.420Z,12.9211,146.144,10,4.7,mb,,95,1.408,0.66,us,us200025kb,2015-04-10T17:17:54.753Z,"151km ESE of Yigo Mayor's Office, Guam",earthquake
2015-04-10T08:24:36.050Z,-5.65,153.2439,17.23,5.1,mb,,101,1.805,0.91,us,us200025k0,2015-04-10T16:27:18.029Z,"132km S of Taron, Papua New Guinea",earthquake
2015-04-10T06:56:26.850Z,2.5114,124.5511,291.06,4.8,mb,,61,3.302,1.25,us,us200025jn,2015-04-10T14:59:02.952Z,"117km NNW of Manado, Indonesia",earthquake
2015-04-10T06:23:13.130Z,28.2428,51.8437,10,4.7,mb,,46,5.101,1.23,us,us200025jj,2015-04-10T14:25:53.247Z,"97km SW of Firuzabad, Iran",earthquake
2015-04-10T06:10:38.920Z,-41.2313,-88.752,10,5.4,mwc,,46,12.251,0.64,us,us200025ji,2015-05-01T13:27:14.324Z,"West Chile Rise",earthquake
2015-04-10T03:53:36.200Z,-50.2273,112.532,10,4.6,mb,,144,16.133,0.99,us,us20002797,2015-04-22T02:14:42.299Z,"Southeast Indian Ridge",earthquake
2015-04-10T03:12:22.990Z,-10.4897,123.9385,44.01,4.5,mb,,65,0.798,0.75,us,us200025ir,2015-04-21T23:33:22.913Z,"52km SE of Kupang, Indonesia",earthquake
2015-04-09T22:49:42.590Z,14.0702,92.8474,27.94,5.1,mb,,19,2.401,0.61,us,us200025i0,2015-04-24T03:24:16.826Z,"262km N of Bamboo Flat, India",earthquake
2015-04-09T22:35:53.900Z,-1.9912,139.2959,35,4.6,mb,,86,1.5,0.7,us,us200025ht,2015-04-24T03:16:52.324Z,"159km WNW of Abepura, Indonesia",earthquake
2015-04-09T18:20:28.490Z,-6.7201,105.3433,35,4.9,mb,,80,9.997,0.73,us,us200025e5,2015-04-10T07:01:24.926Z,"31km W of Babakantonggoh, Indonesia",earthquake
2015-04-09T14:12:49.660Z,37.1791,71.8643,172.04,4.6,mb,,56,1.03,0.87,us,us200025cv,2015-04-09T22:15:30.869Z,"9km SSE of Roshtqal'a, Tajikistan",earthquake
2015-04-09T13:00:19.450Z,15.7668,120.9124,35.77,4.6,mb,,135,1.828,0.87,us,us200025ck,2015-04-09T19:16:55.228Z,"2km W of Magtanggol, Philippines",earthquake
2015-04-09T08:13:53.660Z,0.2081,126.2208,39.28,4.8,mb,,38,1.275,0.65,us,us200025b7,2015-05-01T12:25:29.516Z,"142km WSW of Kota Ternate, Indonesia",earthquake
2015-04-09T06:13:58.320Z,-50.4645,114.0573,10,4.9,mb,,123,15.964,0.4,us,us200025ad,2015-04-09T14:16:38.469Z,"Western Indian-Antarctic Ridge",earthquake
2015-04-09T02:07:37.660Z,51.6647,-175.3147,49.24,4.5,mb,,107,0.596,0.51,us,us2000258h,2015-04-23T03:37:43.438Z,"95km ESE of Adak, Alaska",earthquake
2015-04-08T22:42:50.470Z,1.7281,126.2561,45.77,4.7,mb,,97,1.461,0.7,us,us2000256v,2015-04-28T23:43:39.388Z,"123km ENE of Bitung, Indonesia",earthquake
2015-04-08T19:22:19.710Z,-56.0971,-24.4338,9.21,4.8,mb,,85,7.137,0.79,us,us20002537,2015-04-09T03:25:01.631Z,"183km ENE of Visokoi Island, South Georgia and the South Sandwich Islands",earthquake
2015-04-08T18:04:39.440Z,23.3882,142.8673,9.54,5,mb,,74,3.743,0.6,us,us2000252f,2015-04-09T02:07:09.004Z,"219km SE of Iwo Jima, Japan",earthquake
2015-04-08T15:44:45.150Z,13.1967,-89.7767,29,5.4,mww,,67,0.72,1.13,us,us20002515,2015-04-23T04:33:13.992Z,"44km S of Acajutla, El Salvador",earthquake
2015-04-08T13:52:07.420Z,16.2684,-98.3727,10,4.5,mb,,197,1.3,0.79,us,us20002506,2015-04-08T21:54:47.166Z,"22km SSE of Cuajinicuilapa, Mexico",earthquake
2015-04-08T13:49:36.830Z,-6.1304,130.4016,151.08,4.6,mb,,72,2.044,0.77,us,us20002504,2015-04-08T21:52:19.844Z,"225km NNW of Saumlaki, Indonesia",earthquake
2015-04-08T10:29:52.280Z,-19.2734,-69.272,109.13,4.5,mb,,47,0.336,1.19,us,us200024za,2015-04-08T18:32:21.521Z,"122km SSE of Putre, Chile",earthquake
2015-04-08T09:47:16.440Z,-13.2627,-112.4561,10,4.7,mb,,111,14.1,0.72,us,us200024z8,2015-04-08T17:49:44.747Z,"Central East Pacific Rise",earthquake
2015-04-08T08:20:45.850Z,-7.3032,129.7827,112.2,4.6,mb,,48,1.647,1.15,us,us200024yk,2015-04-08T16:23:15.664Z,"183km WNW of Saumlaki, Indonesia",earthquake
2015-04-08T05:56:08.970Z,-6.721,129.8509,181.93,4.6,mb,,153,1.906,1.19,us,us200024y8,2015-04-08T13:58:48.258Z,"211km NW of Saumlaki, Indonesia",earthquake
2015-04-08T03:42:12.720Z,-8.908,-109.0432,10,5.1,mb,,51,18.124,0.27,us,us200024xr,2015-04-20T03:48:26.056Z,"Central East Pacific Rise",earthquake
2015-04-08T03:27:02.020Z,9.593,57.7045,10,4.5,mb,,149,4.665,0.68,us,us200024xp,2015-04-20T03:05:18.463Z,"Carlsberg Ridge",earthquake
2015-04-08T03:14:36.480Z,-4.4912,137.7331,57.61,4.5,mb,,116,5.691,1.3,us,us200024xk,2015-04-20T02:29:13.859Z,"166km ESE of Enarotali, Indonesia",earthquake
2015-04-08T01:43:47.840Z,21.8203,89.5318,17.68,4.6,mb,,71,4.294,0.8,us,us200024wx,2015-04-23T04:10:07.213Z,"60km SSW of Sarankhola, Bangladesh",earthquake
2015-04-08T00:45:17.380Z,-57.5213,-25.1553,49.85,4.6,mb,,77,7.148,0.73,us,us200026xl,2015-04-23T03:30:04.401Z,"153km SE of Visokoi Island, South Georgia and the South Sandwich Islands",earthquake
2015-04-08T00:39:49.150Z,-56.1221,-60.0469,10,4.5,mb,,91,4.607,0.6,us,us200026yf,2015-04-23T03:25:28.881Z,"Drake Passage",earthquake
2015-04-07T22:42:24.340Z,-1.7375,135.3387,27.36,4.9,mb,,56,3.302,0.71,us,us200024vt,2015-04-25T05:17:39.292Z,"169km SE of Manokwari, Indonesia",earthquake
2015-04-07T21:44:34.170Z,24.8685,141.5734,109.26,4.5,mb,,122,2.285,1.14,us,us200024us,2015-04-08T05:47:36.802Z,"26km ENE of Iwo Jima, Japan",earthquake
2015-04-07T17:07:24.580Z,36.5144,71.2762,79.19,4.7,mb,,73,0.829,1.18,us,us10001vf9,2015-04-08T22:01:32.343Z,"29km SW of Ashkasham, Afghanistan",earthquake
2015-04-07T14:00:19.950Z,5.4563,-76.6177,85.14,4.5,mb,,98,2.366,0.87,us,us10001vc2,2015-04-07T22:02:49.740Z,"8km WSW of Lloro, Colombia",earthquake
2015-04-07T11:32:09.320Z,-36.1446,-72.2141,55.56,4.6,mb,,108,0.918,0.84,us,us10001vbl,2015-04-07T19:34:37.785Z,"21km SSE of Cauquenes, Chile",earthquake
2015-04-07T09:35:22.450Z,3.0906,126.8854,65.72,4.7,mb,,109,2.352,0.72,us,us10001vb3,2015-04-07T17:37:49.420Z,"195km NW of Tobelo, Indonesia",earthquake
2015-04-07T08:51:41.150Z,-60.438,-27.2668,39.72,4.5,mb,,72,7.926,0.61,us,us200026pg,2015-04-21T10:18:06.385Z,"162km SSW of Bristol Island, South Sandwich Islands",earthquake
2015-04-07T04:41:50.850Z,32.8699,83.4081,11.91,4.8,mb,,54,7.32,0.62,us,us10001v9w,2015-04-20T01:28:49.262Z,"100km NW of Luring, China",earthquake
2015-04-07T00:46:21.880Z,-15.1573,-173.1975,30,6.3,mww,,36,1.852,1.13,us,us10001v8k,2015-04-19T05:02:43.890Z,"105km NE of Hihifo, Tonga",earthquake
2015-04-06T23:44:42.530Z,1.5494,67.9765,10,4.5,mb,,92,8.387,1.03,us,us200026fu,2015-04-21T02:48:56.846Z,"Carlsberg Ridge",earthquake
2015-04-06T23:44:36.240Z,0.659,68.1156,10,4.5,mb,,175,9.033,0.69,us,us10001v7n,2015-04-19T04:34:49.761Z,"Carlsberg Ridge",earthquake
2015-04-06T16:42:31.820Z,35.3177,27.5881,16.97,4.5,mb,,55,0.417,0.77,us,us10001udq,2015-04-07T00:45:02.893Z,"40km ESE of Karpathos, Greece",earthquake
2015-04-06T16:09:48.090Z,0.2743,125.5207,69.36,4.7,mb,,46,1.91,1.05,us,us10001ud3,2015-04-07T00:12:23.749Z,"132km SSE of Tondano, Indonesia",earthquake
2015-04-06T11:37:30.260Z,24.5068,122.6902,85.9,4.6,mb,,53,0.295,0.72,us,us10001ub8,2015-04-18T07:10:57.373Z,"31km W of Yonakuni, Japan",earthquake
2015-04-06T10:58:33.910Z,1.8403,-97.0712,21.36,4.9,mb,,186,14.31,0.81,us,us10001ub5,2015-04-06T19:01:08.949Z,"West of the Galapagos Islands",earthquake
2015-04-06T10:45:40.390Z,-1.4506,-77.5553,177.46,4.5,mb,,140,1.901,0.77,us,us10001ub3,2015-04-06T18:48:13.568Z,"47km E of Puyo, Ecuador",earthquake
2015-04-06T07:52:53.220Z,-8.7183,159.1296,135.64,4.9,mb,,45,1.079,0.73,us,us10001ua6,2015-04-06T15:55:31.637Z,"74km S of Dadali, Solomon Islands",earthquake
2015-04-06T07:47:25.780Z,53.1829,108.2108,10,4.6,mb,,56,3.174,0.87,us,us10001ua5,2015-04-06T15:50:00.980Z,"26km N of Turka, Russia",earthquake
2015-04-06T06:56:57.480Z,-5.8014,151.9546,36.17,4.7,mb,,132,1.613,0.72,us,us10001u9x,2015-04-06T14:59:26.727Z,"163km SSW of Kokopo, Papua New Guinea",earthquake
2015-04-06T04:58:41.170Z,42.959,145.29,31.57,4.6,mb,,82,1.838,0.72,us,us10001u9h,2015-04-22T03:47:12.691Z,"46km SSW of Nemuro, Japan",earthquake
2015-04-06T03:15:15.940Z,-59.6592,-25.828,78.91,4.5,mb,,112,7.928,1.27,us,us200026f8,2015-04-22T01:26:10.116Z,"80km SSE of Bristol Island, South Sandwich Islands",earthquake
2015-04-05T20:51:43.820Z,-5.571,152.689,35,5.4,mwb,,53,1.467,0.6,us,us10001u5v,2015-04-06T15:56:38.000Z,"127km SSW of Taron, Papua New Guinea",earthquake
2015-04-05T17:27:51.880Z,-0.8859,120.3758,15.9,4.6,mb,,100,2.024,1.07,us,us10001u4r,2015-04-06T01:30:34.912Z,"56km E of Palu, Indonesia",earthquake
2015-04-05T13:23:52.100Z,19.7483,-156.1013,10,4.5,Ml,,244.8,0.25152828,0.17,hv,hv60887176,2015-04-14T00:35:07.590Z,"7km W of Kalaoa, Hawaii",earthquake
2015-04-05T13:00:44.210Z,-9.2916,110.3076,44.84,4.7,mb,,85,1.386,0.71,us,us10001u3t,2015-04-05T21:03:15.389Z,"148km S of Bambanglipuro, Indonesia",earthquake
2015-04-05T09:47:56.470Z,-2.0429,128.1059,48.47,4.8,mb,,63,2.891,0.58,us,us10001u3c,2015-04-17T13:28:42.115Z,"90km SSE of Laiwui, Indonesia",earthquake
2015-04-05T08:35:34.770Z,-5.4159,152.6374,35,5.3,mb,,82,1.305,1.04,us,us10001u30,2015-04-05T16:38:09.281Z,"113km SSW of Taron, Papua New Guinea",earthquake
2015-04-05T06:55:09.300Z,16.6248,-98.2072,39.24,4.8,mb,,148,0.993,0.76,us,us10001u2u,2015-04-05T07:30:53.096Z,"6km W of San Juan Cacahuatepec, Mexico",earthquake
2015-04-05T00:07:49.630Z,12.7263,-88.1215,72.38,5,mb,,107,1.045,1.25,us,us10001u1e,2015-04-05T21:19:32.040Z,"52km S of Intipuca, El Salvador",earthquake
2015-04-04T17:48:47.830Z,-6.0822,130.6681,109.94,5.1,mwb,,21,1.989,1.05,us,us10001tzj,2015-04-07T18:02:35.700Z,"218km NNW of Saumlaki, Indonesia",earthquake
2015-04-04T12:31:06.280Z,-20.096,-177.7836,528.09,4.5,mb,,133,4.582,0.62,us,us10001txd,2015-04-04T20:34:08.231Z,"113km ENE of Ndoi Island, Fiji",earthquake
2015-04-04T12:11:30.040Z,-5.4692,152.9723,35,4.7,mb,,99,1.503,0.79,us,us10001txb,2015-04-04T20:14:07.928Z,"111km S of Taron, Papua New Guinea",earthquake
2015-04-04T08:06:18.540Z,-2.7903,127.6968,19.96,5.3,mwb,,24,3.553,0.9,us,us10001tvx,2015-04-29T13:18:51.357Z,"63km WNW of Piru, Indonesia",earthquake
2015-04-04T05:27:12.810Z,-17.6353,-174.1136,82.27,4.6,mb,,116,4.333,1.17,us,us10001tvb,2015-04-29T10:39:08.739Z,"113km N of Neiafu, Tonga",earthquake
2015-04-04T04:38:20.000Z,38.315,20.525,11.2,4.6,mb,,,,1.2,us,us10001tup,2015-04-17T23:17:02.855Z,"12km WNW of Sami, Greece",earthquake
2015-04-04T04:08:36.540Z,-5.3415,152.87,30.15,5.1,mb,,29,1.342,0.75,us,us10001tui,2015-04-18T00:04:30.505Z,"98km S of Taron, Papua New Guinea",earthquake
2015-04-04T01:34:19.620Z,-56.1266,-27.2346,74.84,4.9,mb,,57,5.611,0.66,us,us10001tth,2015-04-17T21:16:54.409Z,"63km N of Visokoi Island, South Georgia and the South Sandwich Islands",earthquake
2015-04-03T21:53:02.140Z,-5.5376,152.5612,10,4.6,mb,,91,1.395,0.9,us,us10001tqx,2015-04-18T23:15:11.370Z,"129km SSW of Taron, Papua New Guinea",earthquake
2015-04-03T21:17:54.770Z,-6.2934,147.7519,30,5.9,mww,,10,3.146,0.97,us,us10001tqi,2015-04-19T00:53:23.862Z,"36km NNW of Finschhafen, Papua New Guinea",earthquake
2015-04-03T19:22:26.140Z,-5.0497,153.0288,56.36,5.2,mb,,47,1.212,0.88,us,us10001tnz,2015-04-04T21:30:03.928Z,"64km S of Taron, Papua New Guinea",earthquake
2015-04-03T18:48:42.290Z,0.3895,122.0709,122.92,4.8,mb,,51,1.585,0.88,us,us10001tni,2015-04-04T21:18:59.257Z,"34km WSW of Tilamuta, Indonesia",earthquake
2015-04-03T18:42:37.930Z,9.472,-83.8066,10.71,4.6,mwr,,67,0.155,1.4,us,us10001tnh,2015-04-06T01:03:42.949Z,"15km NW of San Isidro, Costa Rica",earthquake
2015-04-03T18:31:08.000Z,-36.045,-73.763,32.2,4.5,mwr,,,,1.95,us,us10001tn5,2015-04-04T21:37:00.422Z,"94km NW of Talcahuano, Chile",earthquake
2015-04-03T17:44:03.410Z,-17.34,-176.9968,382.36,5.2,mb,,19,4.74,1.19,us,us10001tmh,2015-04-04T20:53:36.526Z,"Fiji region",earthquake
2015-04-03T12:45:21.000Z,10.4652,93.2268,96.66,4.6,mb,,148,1.274,0.74,us,us10001tkc,2015-04-03T20:47:48.109Z,"142km SSE of Port Blair, India",earthquake
2015-04-03T12:37:00.920Z,13.0032,-88.6573,85.04,4.6,mb,,110,0.879,0.97,us,us10001tk0,2015-04-03T20:40:15.447Z,"33km SSW of Puerto El Triunfo, El Salvador",earthquake
2015-04-03T12:32:32.110Z,-22.9478,-176.2757,10,5.3,mb,,45,6.444,1.37,us,us10001tjy,2015-04-03T20:35:13.642Z,"223km SSW of Vaini, Tonga",earthquake
2015-04-03T10:47:48.940Z,-5.5627,152.959,39.18,4.8,mb,,99,1.576,1.03,us,us10001tjk,2015-04-03T18:50:21.852Z,"121km S of Taron, Papua New Guinea",earthquake
2015-04-03T10:31:18.600Z,-30.3266,-178.9462,10,5.3,mb,,81,1.394,1.1,us,us10001tjh,2015-04-03T18:33:47.502Z,"122km N of L'Esperance Rock, New Zealand",earthquake
2015-04-03T09:11:45.100Z,-5.6281,153.1724,10,4.9,mb,,103,1.745,0.84,us,us10001tj2,2015-04-03T17:14:16.076Z,"129km S of Taron, Papua New Guinea",earthquake
2015-04-03T08:29:30.000Z,67.5484,-145.6948,10.7,4.6,ml,,,,0.85,ak,ak11545097,2015-04-29T08:14:19.894Z,"64km S of Arctic Village, Alaska",earthquake
2015-04-03T06:04:16.200Z,1.7534,89.6139,10,4.8,mb,,147,7.971,1.1,us,us10001ti1,2015-04-29T06:06:53.894Z,"North Indian Ocean",earthquake
2015-04-03T04:33:37.670Z,49.9991,156.1467,93.7,4.8,mb,,109,3.26,0.64,us,us10001thw,2015-04-17T00:11:19.385Z,"75km S of Severo-Kuril'sk, Russia",earthquake
2015-04-03T01:58:59.200Z,-20.7785,-67.7266,159.21,4.6,mb,,64,1.48,1.14,us,us10001th6,2015-04-16T22:58:53.510Z,"98km WSW of Colchani, Bolivia",earthquake
2015-04-03T00:24:35.510Z,-5.639,152.9786,25.39,4.9,mb,,67,1.651,0.68,us,us10001tgn,2015-04-19T00:37:45.921Z,"129km S of Taron, Papua New Guinea",earthquake
2015-04-02T21:49:04.530Z,-4.3183,143.2625,126.61,4.7,mb,,34,3.119,0.8,us,us10001tfc,2015-04-18T23:07:25.111Z,"47km E of Ambunti, Papua New Guinea",earthquake
2015-04-02T20:51:07.330Z,-6.4291,146.9467,22.76,5.4,mb,,12,2.963,0.85,us,us10001td7,2015-04-03T01:52:06.364Z,"32km N of Lae, Papua New Guinea",earthquake
2015-04-02T19:04:42.580Z,38.6112,142.0651,63.53,4.5,mb,,79,1.248,1.29,us,us10001tb2,2015-04-03T00:34:59.812Z,"59km SSE of Ofunato, Japan",earthquake
2015-04-02T18:07:10.030Z,-35.5184,-98.7841,15.7,4.6,mb,,194,20.82,0.83,us,us10001taf,2015-04-03T02:09:48.794Z,"Southeast of Easter Island",earthquake
2015-04-02T17:42:52.090Z,-23.127,179.3652,543.25,4.7,mb,,72,5.494,1.09,us,us10001ta6,2015-04-03T01:45:33.555Z,"South of the Fiji Islands",earthquake
2015-04-02T13:54:29.200Z,24.9652,145.9352,35.23,4.8,mb,,150,3.985,1.34,us,us10001t43,2015-04-02T21:57:04.458Z,"East of the Volcano Islands",earthquake
2015-04-02T12:41:21.010Z,6.5259,126.784,189.01,4.6,mb,,142,5.745,0.55,us,us10001t3m,2015-04-02T20:43:48.760Z,"62km SE of Bobon, Philippines",earthquake
2015-04-02T09:19:41.830Z,-5.5064,152.6745,35.96,4.6,mb,,161,1.402,0.82,us,us10001t2q,2015-04-02T17:22:36.517Z,"121km SSW of Taron, Papua New Guinea",earthquake
2015-04-02T07:42:02.000Z,-28.65,-70.807,45.1,4.7,mww,,,,1.36,us,us10001t29,2015-04-29T13:22:52.259Z,"9km SSW of Vallenar, Chile",earthquake
2015-04-02T04:10:09.980Z,-17.8834,-178.5957,560,5.9,mww,,20,3.195,0.61,us,us10001t0z,2015-04-15T04:53:38.045Z,"269km SE of Lambasa, Fiji",earthquake
2015-04-02T02:56:09.480Z,-4.4576,102.6614,61.63,5.1,mb,,27,0.308,0.56,us,us10001t06,2015-04-14T01:44:08.287Z,"83km SW of Pagaralam, Indonesia",earthquake
2015-04-02T01:15:19.490Z,29.2615,-42.8917,10,4.6,mb,,83,33.504,0.64,us,us200025lm,2015-04-13T01:43:29.280Z,"Northern Mid-Atlantic Ridge",earthquake
2015-04-02T00:56:39.640Z,28.7119,86.3512,63.1,4.6,mb,,83,5.819,0.52,us,us10001szi,2015-04-02T08:59:18.973Z,"72km NNE of Chongdui, China",earthquake
2015-04-02T00:44:54.100Z,14.8081,-91.454,148.62,4.8,mb,,73,0.365,1.13,us,us10001szg,2015-04-02T08:47:22.692Z,"1km SSW of Cantel, Guatemala",earthquake
2015-04-01T23:50:25.110Z,-20.8692,-179.0914,566.26,4.5,mb,,226,4.114,0.84,us,us10001szb,2015-04-15T03:40:29.357Z,"47km WSW of Ndoi Island, Fiji",earthquake
